YEAR;CODIGO DEPARTAMENTO;DEPARTAMENTO;POBLACION 5-16;TASA MATRICULACION 5-16;COBERTURA NETA;COBERTURA NETA TRANSICION;COBERTURA NETA PRIMARIA;COBERTURA NETA SECUNDARIA;COBERTURA NETA MEDIA;TAMANO PROMEDIO DE GRUPO;SEDES CONECTADAS A INTERNET;DESERCION;DESERCION TRANSICION;DESERCION PRIMARIA;DESERCION SECUNDARIA;DESERCION MEDIA;APROBACION;APROBACION TRANSICION;APROBACION PRIMARIA;APROBACION SECUNDARIA;APROBACION MEDIA;REPROBACION;REPROBACION TRANSICION;REPROBACION PRIMARIA;REPROBACION SECUNDARIA;REPROBACION MEDIA
2015;5;Antioquia;1.262.800;8.992;8.979;6.107;8.902;7.417;4.261;3.039;6.129;382;286;297;555;28;8.934;9.694;9.159;8.389;9.156;684;2;544;1.056;564
2015;8;Atlantico;520.783;8.617;8.592;5.352;8.212;7.428;4.561;2.627;88;139;174;129;157;1;9.519;972;958;9.348;9.678;342;106;29;496;222
2015;11;Bogota, D.C.;1.455.309;822;8.177;5.917;7.894;7.489;5.061;2.756;9.887;363;348;272;485;32;9.629;9.651;9.725;9.502;9.657;9;0;3;12;23
2015;13;Bolivar;488.886;8.878;8.869;585;8.733;7.105;3.934;2.302;4.494;301;316;254;375;269;915;9.606;9.285;881;9.234;549;78;461;815;497
2015;15;Boyaca;284.611;8.362;8.357;6.302;8.065;7.422;4.861;2.517;2.296;222;18;139;319;232;9.327;9.791;9.564;8.972;9.339;451;29;297;709;429
2015;17;Caldas;194.108;789;7.886;5.247;7.453;6.924;4.355;2.544;3.069;367;366;27;507;31;8.813;9.555;9.065;8.279;9.057;82;8;665;1.214;634
2015;18;Caqueta;124.382;7.314;7.312;4.387;7.282;5.452;2.363;2.294;1.477;487;49;411;631;408;9.165;9.443;9.231;8.947;9.323;348;67;358;422;269
2015;19;Cauca;312.453;8.221;8.221;447;8.442;6.304;3.128;1.912;4.493;217;212;131;343;246;9.164;9.684;9.286;884;9.205;619;103;583;817;548
2015;20;Cesar;260.802;9.552;9.539;6.165;9.276;7.388;3.863;2.672;3.987;438;546;396;51;31;9.048;9.332;9.148;8.766;9.231;514;122;457;724;459
2015;23;Cordoba;409.982;8.954;895;5.258;8.747;7.218;3.897;2.109;3.912;226;283;178;29;205;9.451;9.654;9.555;9.251;9.432;323;62;267;459;363
2015;25;Cundinamarca;576.429;9.072;9.047;5.593;8.683;8.091;505;1.959;3.273;327;352;224;462;286;932;9.605;9.557;8.958;9.384;352;43;219;58;33
2015;27;Choco;145.625;8.048;8.048;5.199;822;473;2.035;1.879;2.015;478;427;436;631;302;8.835;9.539;8.749;8.628;9.407;687;34;815;741;291
2015;41;Huila;269.323;8.764;8.758;58;8.777;7.481;4.015;2.624;3.893;517;449;352;775;466;8.704;9.516;9.064;8.016;8.767;779;34;584;1.209;767
2015;44;La Guajira;258.207;7.412;7.408;4.717;7.158;4.462;198;237;219;229;196;196;325;191;9.583;9.764;9.611;9.422;9.679;188;4;193;252;13
2015;47;Magdalena;330.539;9.361;9.343;6.405;873;6.906;3.565;2.289;4.002;354;307;354;393;282;9.368;9.565;9.388;9.235;9.486;278;128;258;372;232
2015;50;Meta;217.437;9.219;9.214;5.932;9.032;7.635;4.226;2.752;529;33;339;268;435;257;9.208;9.651;9.423;8.771;9.346;462;1;309;794;397
2015;52;Nariño;396.138;7.353;7.351;3.988;7.143;5.646;2.995;2.161;3.027;123;85;75;19;151;9.642;9.912;9.747;9.471;952;235;3;177;339;328
2015;54;Norte de Santander;310.611;8.589;8.584;5.803;8.927;687;3.624;2.433;1.912;266;29;207;353;254;9.575;9.695;9.686;9.392;9.535;159;15;107;255;211
2015;63;Quindio;109.400;8.193;8.186;4.492;7.418;7.601;4.803;2.878;1.593;59;592;474;763;467;8.809;9.393;9.146;8.306;8.894;601;15;379;931;639
2015;66;Risaralda;183.900;8.812;8.794;5.405;8.332;766;4.322;2.565;5.542;505;5;367;72;383;8.903;9.363;9.249;8.316;91;592;138;384;964;518
2015;68;Santander;407.815;945;9.437;599;9.434;8.245;4.784;2.617;2.565;317;418;237;422;251;9.193;9.501;947;8.761;9.236;49;81;293;818;513
2015;70;Sucre;200.001;958;9.574;6.738;95;7.313;4.225;227;5.039;265;296;198;354;259;8.704;9.607;8.813;8.219;8.857;1.031;97;989;1.427;884
2015;73;Tolima;310.206;8.548;8.541;5.139;8.309;7.152;4.241;2.542;278;371;445;31;468;277;8.908;9.498;9.097;8.433;9.196;722;57;593;1.099;527
2015;76;Valle del Cauca;875.476;8.444;8.426;5.096;8.263;6.959;3.964;2.238;431;278;307;224;363;231;9.104;9.624;9.314;8.667;9.271;618;69;462;97;499
2015;81;Arauca;75.107;7.288;7.284;4.647;7.195;5.591;2.837;2.022;3.755;351;317;282;484;328;9.629;9.683;9.718;9.482;9.564;2;0;0;34;108
2015;85;Casanare;87.417;10.243;10.239;7.061;102;8.312;4.695;2.571;203;375;413;304;504;259;8.889;9.545;9.159;8.257;9.206;736;42;536;1.239;535
2015;86;Putumayo;91.874;7.671;767;3.559;7.552;6.309;2.954;2.777;2.527;526;629;445;646;43;8.923;9.337;9.154;8.479;9.031;551;34;402;875;539
2015;88;Archipiélago de San Andrés, Providencia y Santa Catalina;15.265;6.734;673;5.234;6.737;6.042;3.901;258;8.333;63;29;4;101;7;9.592;9.956;9.757;9.273;9.621;344;15;203;626;308
2015;91;Amazonas;22.212;8.149;8.146;4.065;8.275;5.941;2.652;2.013;1.636;476;454;253;8;669;8.923;9.519;9.055;8.573;8.852;601;27;692;627;479
2015;94;Guainia;11.913;753;753;5.321;7.275;359;816;2.615;2.444;764;662;639;1.059;761;754;8.206;7.619;7.086;7.632;1.696;1.132;1.742;1.855;1.607
2015;95;Guaviare;31.553;5.491;549;2.732;5.402;4.088;1.945;2.773;2.408;47;468;379;648;372;8.799;9.262;8.992;8.308;9.006;731;27;629;1.045;622
2015;97;Vaupes;12.684;6.408;6.408;2.027;6.442;3.556;1.159;1.469;2.458;808;679;773;966;586;7.838;8.743;7.715;7.741;8.574;1.354;579;1.512;1.293;84
2015;99;Vichada;21.644;7.682;7.681;3.963;7.935;346;1.494;1.463;4.162;923;1.014;815;1.215;796;7.694;8.824;755;7.446;848;1.382;162;1.634;1.339;724
2014;5;Antioquia;1.266.533;9.097;9.085;6.415;9.068;7.513;4.179;3.117;6.272;233;206;191;309;201;9.508;9.787;9.635;9.271;949;259;7;174;42;309
2014;8;Atlantico;521.917;8.581;8.558;5.218;811;7.483;4.417;2.357;8.087;329;128;338;366;304;9.637;9.871;9.621;96;9.672;34;1;42;35;24
2014;11;Bogota, D.C.;1.460.379;8.079;8.038;5.776;7.677;7.523;4.997;1.707;9.944;25;27;201;301;248;9.736;973;9.793;9.675;9.735;14;0;6;25;17
2014;13;Bolivar;490.573;875;8.741;5.842;8.529;7.109;3.769;2.118;4.216;353;192;347;419;306;941;98;9.488;9.195;9.393;237;8;165;386;301
2014;15;Boyaca;288.366;8.394;8.389;6.309;8.059;749;4.836;2.543;2.105;189;167;132;255;197;938;9.811;9.583;9.084;9.339;431;22;285;66;465
2014;17;Caldas;195.455;8.096;8.093;5.411;7.653;706;4.368;2.618;2.842;265;301;203;345;248;9.474;9.674;9.586;9.291;948;26;25;211;364;272
2014;18;Caqueta;124.473;7.936;7.933;4.622;7.956;5.715;2.336;2.864;1.089;423;434;385;484;427;9.567;9.566;961;9.511;9.495;1;0;5;5;78
2014;19;Cauca;316.362;846;8.458;4.554;86;6.465;3.139;2.134;4.274;454;167;38;625;491;9.533;9.833;9.617;9.373;9.412;12;0;4;1;97
2014;20;Cesar;261.493;9.629;9.614;5.955;9.379;746;3.699;2.852;3.059;495;586;441;57;425;9.287;9.345;9.393;91;9.326;219;69;166;33;25
2014;23;Cordoba;408.623;9.323;9.319;5.482;9.081;7.498;3.692;2.234;4.522;211;17;172;264;262;975;9.824;9.807;9.675;9.658;39;6;21;62;8
2014;25;Cundinamarca;573.948;8.999;8.979;5.896;8.505;8.131;4.848;1.965;2.158;26;244;194;343;256;9.672;9.755;978;9.543;9.619;69;1;26;115;125
2014;27;Choco;145.299;8.115;8.114;5.373;8.375;4.784;1.837;188;1.884;353;296;325;454;274;9.058;9.682;9.085;8.719;9.324;589;21;59;827;402
2014;41;Huila;270.459;8.835;8.829;5.917;8.899;7.554;3.936;2.694;2.448;333;223;235;487;361;9.653;9.777;9.763;9.497;9.564;14;0;2;16;74
2014;44;La Guajira;251.458;7.491;7.487;4.726;7.168;4.478;2.009;2.255;3.752;448;226;427;603;405;9.514;9.763;9.552;9.318;9.526;38;11;21;8;69
2014;47;Magdalena;331.389;9.035;901;5.938;8.379;6.794;3.395;1.959;23;296;181;297;334;287;9.605;978;9.623;9.522;9.607;99;4;8;144;106
2014;50;Meta;215.227;9.477;9.472;5.988;9.329;7.864;4.239;2.807;2.128;302;331;272;36;237;9.507;9.655;9.607;9.311;957;19;13;121;329;194
2014;52;Nariño;397.640;7.523;7.522;4.097;7.385;5.667;3.002;222;364;291;52;26;4;258;9.698;9.948;9.736;9.583;9.703;11;0;4;17;4
2014;54;Norte de Santander;313.966;872;8.715;5.787;8.964;684;3.699;2.803;1.546;33;361;337;34;246;9.607;9.631;9.628;9.557;9.648;62;9;36;102;106
2014;63;Quindio;110.359;8.393;839;4.426;7.697;7.846;4.457;2.957;3.226;368;398;291;469;311;9.302;9.592;9.515;90;9.346;329;11;193;531;343
2014;66;Risaralda;185.754;8.818;8.802;5.156;8.411;7.647;4.111;2.609;5.663;367;4;304;465;296;9.308;9.548;9.454;906;9.352;325;52;242;475;352
2014;68;Santander;413.227;9.363;9.352;571;9.333;8.172;47;2.612;2.154;282;242;243;346;265;9.545;971;9.659;9.375;9.508;173;49;98;28;227
2014;70;Sucre;201.098;9.688;9.682;6.899;9.599;7.559;3.986;2.385;5.908;583;216;587;725;49;8.508;9.721;8.557;8.006;8.661;908;63;856;1.269;849
2014;73;Tolima;313.709;8.636;863;5.127;8.415;7.277;4.072;2.631;3.456;416;283;421;456;362;9.031;9.689;9.155;8.686;9.145;553;27;425;858;493
2014;76;Valle del Cauca;880.625;8.552;8.534;5.364;8.348;7.081;3.912;2.191;3.622;216;206;18;274;196;956;9.776;9.662;9.364;959;224;18;159;361;214
2014;81;Arauca;74.948;7.155;7.151;4.319;7.083;5.471;276;2.042;2.123;559;165;5;739;676;944;9.835;95;9.261;9.313;1;0;0;0;11
2014;85;Casanare;86.899;10.326;10.324;7.006;1.021;8.471;4.618;2.578;2.346;227;192;208;264;22;9.287;978;9.455;89;9.395;486;28;337;836;385
2014;86;Putumayo;92.368;7.772;7.771;3.698;7.641;6.322;2.853;2.841;1.804;433;41;34;576;423;9.459;959;9.596;9.248;9.392;108;0;64;176;185
2014;88;Archipiélago de San Andrés, Providencia y Santa Catalina;15.395;6.817;6.813;5.444;6.817;6.125;3.852;2.604;96;122;211;94;125;155;9.874;9.789;9.906;9.875;9.817;3;0;0;0;27
2014;91;Amazonas;22.167;8.213;8.211;4.391;8.493;5.769;2.309;2.029;1.651;304;297;195;467;435;9.693;9.703;9.802;9.528;9.565;3;0;3;5;0
2014;94;Guainia;11.916;7.367;7.367;573;7.108;3.422;803;2.642;3.077;488;459;38;724;533;8.194;8.472;8.486;7.367;8.627;1.317;1.069;1.134;1.909;84
2014;95;Guaviare;31.344;5.623;5.623;2.653;5.426;4.326;2.072;2.954;1.502;257;235;234;316;207;9.717;9.623;9.759;9.657;9.762;26;142;7;27;3
2014;97;Vaupes;12.699;6.282;6.282;2.097;6.237;3.417;111;1.528;1.261;786;318;599;1.183;1.207;90;9.682;9.242;8.548;8.157;214;0;159;268;636
2014;99;Vichada;21.331;7.452;7.451;345;7.482;3.618;142;1.786;4.946;509;3;395;863;548;8.875;9.406;8.865;8.689;8.951;616;294;74;447;501
2013;5;Antioquia;1.272.458;9.206;9.193;6.761;9.153;7.566;4.271;5.272;6.847;357;292;294;48;307;9.159;9.696;9.302;8.824;9.176;484;12;404;696;517
2013;8;Atlantico;522.832;8.641;8.622;5.367;8.323;741;4.394;2.946;8.494;312;158;355;317;233;9.577;9.786;9.544;9.541;9.672;111;56;1;143;95
2013;11;Bogota, D.C.;1.466.854;845;8.407;6.124;7.932;7.972;5.267;2.808;9.986;368;59;31;482;374;9.632;994;969;9.518;9.626;0;1;0;0;0
2013;13;Bolivar;492.500;8.966;8.955;5.986;875;704;3.827;3.498;5.259;256;257;258;266;22;9.423;9.701;9.491;9.257;9.372;32;42;251;477;408
2013;15;Boyaca;292.312;851;8.505;6.611;8.156;7.509;4.843;3.997;2.357;245;23;178;325;25;9.341;9.743;9.535;9.022;9.377;414;27;288;653;374
2013;17;Caldas;196.982;8.258;8.254;5.605;782;7.078;446;4.009;3.449;41;426;336;538;321;8.864;9.538;903;8.442;904;725;36;634;102;639
2013;18;Caqueta;124.458;8.095;8.094;4.928;8.193;5.648;2.387;467;848;655;608;669;695;434;9.248;9.366;9.255;9.157;9.448;96;26;76;148;118
2013;19;Cauca;320.510;8.434;8.433;4.761;8.542;6.311;319;3.035;2.464;374;201;34;475;36;9.169;9.704;9.186;8.978;9.282;457;96;474;547;359
2013;20;Cesar;262.240;9.492;948;5.866;9.336;7.146;3.602;4.423;224;453;602;432;477;33;8.987;9.157;9.067;8.773;9.116;56;242;501;75;554
2013;23;Cordoba;407.589;9.339;9.335;5.706;9.217;7.347;3.638;3.242;1.828;23;218;196;279;244;9.613;9.706;9.679;9.498;9.572;157;75;124;223;184
2013;25;Cundinamarca;572.012;9.049;9.028;61;8.547;8.208;4.798;2.342;3.051;317;353;261;393;269;957;9.644;9.684;9.414;959;112;3;55;193;141
2013;27;Choco;145.133;7.959;7.959;5.547;8.273;4.428;1.843;1.738;796;459;279;429;619;371;8.885;9.707;8.862;8.544;9.192;656;14;709;837;438
2013;41;Huila;272.091;8.973;8.968;6.477;9.086;7.527;3.907;3.956;1.173;478;42;327;7;499;9.218;9.573;9.434;8.861;9.105;304;7;238;439;397
2013;44;La Guajira;244.513;748;7.473;4.536;7.175;4.338;1.995;4.737;1.404;527;408;569;531;348;9.412;9.566;9.377;9.379;9.583;61;26;54;9;68
2013;47;Magdalena;332.266;9.603;9.583;6.385;8.983;6.882;3.497;3.644;3.069;319;203;313;387;268;9.532;9.726;9.541;9.426;96;149;72;146;186;132
2013;50;Meta;213.170;9.483;9.476;6.252;9.448;7.698;4.324;4.267;1.932;449;466;383;569;372;9.387;9.517;9.515;9.159;9.406;163;17;102;272;222
2013;52;Nariño;399.032;766;7.658;4.593;7.534;5.614;2.899;3.294;3.083;29;88;307;339;207;9.583;991;9.634;9.431;9.558;126;2;59;231;235
2013;54;Norte de Santander;317.334;8.642;8.637;6.114;8.874;6.627;3.786;4.368;869;366;376;311;468;302;9.529;961;9.615;9.369;9.547;105;14;74;163;15
2013;63;Quindio;111.539;8.589;8.587;5.139;783;7.846;4.706;4.912;6.471;53;617;43;675;407;897;9.376;9.231;8.555;9.075;499;6;339;771;519
2013;66;Risaralda;187.946;8.997;8.981;5.808;8.586;7.528;4.249;3.008;2.754;517;543;369;745;397;8.977;9.366;9.303;8.444;9.039;506;91;328;812;564
2013;68;Santander;419.596;934;9.328;6.045;9.292;8.027;4.809;3.886;1.565;36;47;269;472;309;9.298;9.483;953;897;925;341;47;2;558;441
2013;70;Sucre;202.453;9.668;9.664;6.766;957;7.542;3.963;3.484;3.049;383;408;331;466;341;8.668;951;8.751;8.244;8.768;949;82;919;129;891
2013;73;Tolima;317.546;8.702;8.695;5.582;8.399;7.308;4.052;37;2.039;401;457;35;49;304;8.865;9.513;9.039;8.414;9.054;734;3;611;1.096;641
2013;76;Valle del Cauca;887.988;8.756;8.737;5.892;8.498;7.127;4.061;2.967;5.639;304;272;257;38;288;9.357;9.704;9.483;9.107;936;339;25;259;513;352
2013;81;Arauca;74.658;7.071;707;4.308;6.981;5.413;2.778;2.769;1.663;417;213;426;509;263;9.583;9.787;9.574;9.491;9.728;1;0;0;0;9
2013;85;Casanare;86.460;10.373;10.369;7.455;10.207;8.485;4.546;3.193;3.344;367;442;314;45;293;9.086;9.517;923;8.728;9.238;547;41;456;822;47
2013;86;Putumayo;92.887;7.696;7.696;3.682;7.677;6.032;2.769;5.579;751;568;625;45;744;541;8.853;9.344;9.113;8.357;8.773;579;32;438;898;686
2013;88;Archipiélago de San Andrés, Providencia y Santa Catalina;15.536;6.793;6.789;4.861;665;6.241;3.906;3.824;80;91;93;1;97;42;9.908;9.907;99;9.903;9.949;1;0;0;0;8
2013;91;Amazonas;22.123;8.184;8.183;4.838;8.396;5.822;2.209;276;1.284;329;316;182;526;557;9.578;9.684;9.705;9.417;9.231;93;0;113;56;212
2013;94;Guainia;11.918;7.257;7.256;5.089;6.902;3.032;912;5.964;2.308;493;356;383;792;621;7.971;8.624;8.071;7.352;833;1.536;102;1.547;1.856;1.049
2013;95;Guaviare;31.276;5.733;5.732;2.948;5.521;4.404;2.089;4.517;2.143;402;363;431;414;239;9.597;9.637;9.569;9.586;9.756;1;0;0;0;6
2013;97;Vaupes;12.659;6.225;6.225;2.169;6.388;332;894;1.437;1.933;853;1.155;725;1.119;675;813;8.693;8.044;8.097;8.561;1.017;152;1.231;785;764
2013;99;Vichada;20.977;7.461;746;3.504;7.482;3.674;1.401;2.097;3.533;917;74;983;875;671;8.784;9.233;875;868;8.889;299;26;267;446;44
2012;5;Antioquia;1.278.686;9.279;9.265;732;9.265;7.484;435;2.796;6.251;401;255;35;519;377;9.204;9.724;9.305;8.926;9.221;395;2;344;555;402
2012;8;Atlantico;523.911;9.159;9.143;5.303;8.905;7.673;4.586;2.246;5.104;332;201;359;343;277;9.629;9.784;9.607;9.604;969;42;16;36;57;35
2012;11;Bogota, D.C.;1.470.171;8.694;8.652;6.633;8.397;8.147;5.178;175;100;389;;342;488;445;9.611;100;9.658;9.512;9.555;0;0;0;0;0
2012;13;Bolivar;495.108;8.897;8.887;6.047;8.767;6.802;3.808;225;3.344;339;337;325;357;35;9.283;9.573;9.356;9.111;9.214;378;9;319;532;436
2012;15;Boyaca;297.132;857;8.564;7.048;8.146;7.461;4.824;2.477;2.995;323;274;238;426;347;9.192;9.704;9.411;8.826;9.166;486;21;351;748;487
2012;17;Caldas;198.526;8.455;845;6.428;8.103;72;4.383;2.373;3.075;464;47;398;591;357;8.895;9.483;9.035;8.532;9.021;64;47;567;877;622
2012;18;Caqueta;124.622;8.328;8.325;4.934;8.586;5.623;2.437;2.741;1.198;723;691;692;838;522;916;9.295;9.224;897;9.291;116;13;83;192;187
2012;19;Cauca;325.212;8.348;834;5.359;8.538;6.053;2.956;1.885;4.375;402;289;304;542;553;9.205;9.676;9.262;9.023;9.103;393;35;434;434;344
2012;20;Cesar;263.271;9.415;9.401;6.594;9.385;6.936;3.462;2.628;259;513;622;528;508;324;9.008;9.166;908;8.811;9.111;48;212;392;681;565
2012;23;Cordoba;405.302;9.378;9.369;6.506;9.154;7.182;3.752;2.235;3.049;295;314;248;351;331;9.533;9.638;9.617;9.407;9.423;172;48;135;243;246
2012;25;Cundinamarca;571.082;9.117;9.097;6.361;8.782;8.153;4.727;1.678;3.991;294;324;217;382;285;9.584;967;9.725;942;9.517;122;6;57;197;197
2012;27;Choco;145.607;8.097;8.095;6.217;8.324;419;191;1.492;1.898;209;132;174;298;298;9.188;9.723;9.232;8.853;9.276;603;145;595;849;426
2012;41;Huila;273.653;8.977;8.973;6.715;9.267;738;3.798;2.644;4.454;523;459;397;731;493;9.001;9.521;9.208;8.597;8.923;476;2;395;672;583
2012;44;La Guajira;239.298;7.542;7.533;4.622;7.247;4.186;2.067;2.253;3.566;681;481;62;883;842;9.233;9.486;9.292;90;91;86;33;88;117;58
2012;47;Magdalena;334.586;9.182;9.164;6.558;8.726;6.496;3.407;224;303;622;2.084;491;385;324;9.197;7.835;9.321;9.403;9.513;181;81;189;212;163
2012;50;Meta;210.820;9.335;9.329;6.714;9.231;7.591;4.064;2.614;1.077;585;574;506;73;507;9.168;9.401;9.344;8.849;916;247;25;151;421;332
2012;52;Nariño;401.539;7.775;7.773;4.918;7.776;5.364;2.859;214;2.269;184;132;154;237;229;9.702;9.863;9.756;9.583;9.649;114;5;9;18;122
2012;54;Norte de Santander;322.304;86;8.593;7.179;9.029;643;3.587;2.652;1.278;489;433;449;593;406;9.358;9.536;9.452;9.163;9.373;152;31;99;245;221
2012;63;Quindio;112.175;8.877;8.874;5.776;8.348;7.917;4.659;2.772;2.029;623;66;533;771;487;8.979;9.322;9.203;8.599;9.092;399;19;264;63;421
2012;66;Risaralda;189.484;9.291;9.277;6.603;9.119;7.509;4.298;2.173;4.696;704;606;574;921;646;8.791;9.306;9.082;8.262;883;506;88;344;817;525
2012;68;Santander;425.904;9.221;9.211;7.017;9.289;7.782;4.684;2.489;2.218;467;546;379;589;384;9.265;9.421;9.458;8.966;9.293;268;32;164;444;323
2012;70;Sucre;203.626;956;9.555;6.751;951;7.372;3.811;2.333;264;483;515;477;5;431;8.568;9.405;8.601;8.219;8.679;949;8;922;1.281;89
2012;73;Tolima;321.653;8.747;8.742;6.162;8.571;7.182;3.977;2.481;4.237;511;492;439;642;431;8.738;9.473;8.953;8.204;8.929;751;35;608;1.154;64
2012;76;Valle del Cauca;894.698;8.826;8.809;6.032;8.616;7.121;4.062;2.235;4.032;432;479;374;521;369;9.239;9.501;9.391;8.952;9.298;329;2;234;528;333
2012;81;Arauca;74.454;7.233;7.229;5.148;7.061;5.447;2.981;1.646;1.733;499;463;472;572;456;9.499;9.537;9.528;9.427;9.521;3;0;0;1;23
2012;85;Casanare;85.999;10.394;10.388;7.845;102;854;4.403;2.417;187;652;557;544;839;608;8.767;9.434;9.035;8.197;8.888;581;8;421;964;503
2012;86;Putumayo;93.570;7.817;7.817;4.882;7.895;5.746;2.728;2.377;1.574;616;605;563;744;488;896;9.367;9.134;8.537;9.023;424;28;304;719;489
2012;88;Archipiélago de San Andrés, Providencia y Santa Catalina;15.648;687;6.865;5.987;6.969;6.091;3.982;2.528;0;126;121;112;152;112;9.816;9.879;9.837;9.772;9.816;58;0;51;76;72
2012;91;Amazonas;22.194;8.187;8.187;6.022;8.562;5.333;2.231;1.934;2.091;47;516;23;797;806;9.374;9.484;9.578;9.068;8.996;156;0;192;135;198
2012;94;Guainia;11.920;7.082;7.082;4.769;725;2.838;824;186;1.895;891;943;818;1.063;793;7.818;8.229;7.974;7.263;774;1.291;829;1.208;1.674;1.466
2012;95;Guaviare;31.272;592;5.918;3.754;5.824;4.364;1.962;1.866;1.142;486;411;537;446;389;9.489;9.577;9.446;9.527;9.528;26;12;17;28;84
2012;97;Vaupes;12.681;6.232;6.232;2.529;6.335;3.181;936;1.321;2.061;762;909;662;89;1.082;7.986;8.864;7.986;7.881;7.663;1.252;227;1.352;123;1.254
2012;99;Vichada;20.686;6.675;6.675;3.802;6.696;3.337;1.501;1.567;1.786;507;759;441;611;414;8.824;8.841;8.645;9.108;9.394;669;4;914;281;192
2011;5;Antioquia;1.288.473;9.401;9.385;7.028;9.412;7.568;4.437;2.747;7.448;397;362;365;457;371;9.398;9.631;9.456;9.289;9.333;206;7;18;254;296
2011;8;Atlantico;523.935;9.932;9.905;5.059;9.893;8.022;5.017;2.442;8.046;276;26;306;242;261;967;9.728;9.649;9.691;9.664;54;12;45;67;75
2011;11;Bogota, D.C.;1.479.334;907;9.029;6.863;8.699;847;5.501;2.675;9.421;395;1.005;53;196;255;9.605;8.995;9.469;9.804;9.745;0;0;0;0;0
2011;13;Bolivar;496.676;9.157;914;5.974;9.081;6.734;3.917;208;3.012;314;185;293;379;313;9.476;9.768;9.548;9.346;932;21;46;159;275;367
2011;15;Boyaca;300.501;8.616;8.611;6.336;825;7.465;4.909;2.277;2.526;307;24;224;403;351;942;9.743;961;9.166;9.323;273;17;166;431;326
2011;17;Caldas;201.185;8.704;8.698;6.499;8.386;7.341;4.538;226;3.474;413;435;392;487;282;9.062;9.535;9.159;8.789;9.204;525;3;449;725;515
2011;18;Caqueta;124.148;8.878;8.876;5.898;9.031;5.731;2.544;2.321;801;364;339;356;391;339;9.606;9.656;9.634;96;9.345;3;5;11;8;315
2011;19;Cauca;328.682;8.635;8.621;5.201;8.794;6.158;3.044;1.829;297;275;187;196;391;36;9.253;9.696;9.277;9.145;9.177;472;117;527;464;463
2011;20;Cesar;263.789;9.475;9.457;6.596;9.522;6.647;3.498;2.058;2.902;707;517;736;762;542;9.054;9.437;9.102;8.864;908;239;46;161;374;378
2011;23;Cordoba;405.431;9.453;9.446;6.718;9.322;6.879;3.716;2.016;3.526;459;545;408;53;41;9.429;9.432;9.513;9.333;9.319;112;22;78;137;271
2011;25;Cundinamarca;570.954;9.213;9.193;6.719;8.812;8.138;4.757;1.776;3.504;36;348;299;431;372;9.558;9.655;9.662;945;945;89;4;43;126;193
2011;27;Choco;145.587;8.379;8.379;5.017;864;413;1.964;1.786;1.388;429;289;424;505;359;935;9.703;9.419;907;935;221;7;157;425;291
2011;41;Huila;275.956;9.052;9.047;699;9.231;735;3.849;2.228;3.028;438;4;32;6;499;9.239;9.589;9.435;8.954;8.967;324;11;245;446;534
2011;44;La Guajira;231.046;7.712;77;4.461;7.468;4.156;2.191;2.022;3.494;617;42;631;704;465;9.278;9.533;9.258;9.223;9.307;107;46;114;78;228
2011;47;Magdalena;333.793;9.447;9.432;554;909;6.653;3.755;213;2.763;363;224;345;41;437;9.498;9.734;9.512;9.449;9.355;139;42;142;141;208
2011;50;Meta;209.319;9.365;9.359;6.146;9.235;7.589;4.079;2.279;2.442;555;512;558;615;38;9.308;9.481;9.339;9.201;939;137;7;103;185;23
2011;52;Nariño;401.313;8.053;805;483;8.014;5.368;2.904;2.076;1.568;1.017;1.391;967;1.058;901;8.997;8.845;912;8.823;8.945;14;8;95;218;255
2011;54;Norte de Santander;324.219;8.904;8.896;689;9.101;6.638;3.903;2.236;1.778;687;498;515;935;844;9.255;9.499;9.441;9.001;9.014;65;6;46;76;164
2011;63;Quindio;114.075;9.087;9.083;6.445;8.553;8.032;4.729;2.706;62;504;513;452;598;41;9.243;9.484;9.424;9.005;9.166;253;3;125;397;423
2011;66;Risaralda;192.633;9.561;9.543;6.738;9.332;7.638;4.283;2.287;4.521;479;373;377;614;539;9.407;9.612;9.557;9.261;9.125;114;15;66;124;335
2011;68;Santander;434.034;9.249;924;697;9.288;7.728;481;2.239;2.522;368;338;287;475;38;9.425;9.628;9.611;9.177;9.322;207;34;102;348;298
2011;70;Sucre;205.779;10.327;1.032;6.867;10.138;7.616;4.046;2.481;5.831;674;951;55;725;818;8.631;9.004;8.786;8.353;8.492;71;92;677;929;708
2011;73;Tolima;325.983;888;8.871;586;8.648;7.166;4.133;2.209;2.022;461;366;434;541;395;9.033;961;9.199;8.682;9.037;506;23;367;777;568
2011;76;Valle del Cauca;906.602;8.851;8.833;5.625;8.683;7.217;4.206;2.005;4.151;424;418;373;501;399;9.069;9.524;9.295;8.709;8.964;507;58;332;79;637
2011;81;Arauca;73.431;7.415;7.411;4.981;7.109;5.536;3.149;1.762;3.033;214;198;186;246;283;9.772;9.802;9.814;9.754;9.571;13;0;0;0;146
2011;85;Casanare;85.803;10.111;10.105;7.127;9.947;8.256;4.264;2.531;40;388;32;34;46;418;9.212;9.644;9.396;8.897;9.114;4;36;264;644;468
2011;86;Putumayo;93.828;8.046;8.046;4.915;8.217;5.636;2.724;2.118;1.553;418;324;361;563;331;9.561;9.676;9.635;9.437;945;21;0;4;0;219
2011;88;Archipiélago de San Andrés, Providencia y Santa Catalina;15.852;6.728;6.723;57;6.826;5.908;3.915;2.401;6.563;172;84;303;59;82;9.673;9.916;9.626;9.722;9.557;155;0;71;219;361
2011;91;Amazonas;22.223;8.234;8.232;6.368;8.723;5.065;2.191;1.495;3.636;546;556;367;821;79;9.116;9.427;9.283;8.863;8.515;338;17;35;316;695
2011;94;Guainia;11.920;7.487;7.487;6.185;7.359;2.888;842;2.037;421;1.094;10;1.073;1.162;1.285;7.392;7.688;7.337;7.269;8.086;155;1.313;165;1.569;63
2011;95;Guaviare;31.133;6.404;6.402;3.216;6.542;4.516;2.008;2.679;1.073;902;554;891;1.002;89;9.115;9.446;9.173;8.998;8.893;18;0;0;0;217
2011;97;Vaupes;12.690;6.218;6.218;1.922;6.541;2.904;973;1.339;763;994;722;872;121;1.424;8.116;8.917;815;798;7.872;889;361;979;81;704
2011;99;Vichada;20.360;7.307;7.298;3.184;7.447;3.289;1.554;157;1.667;733;882;877;429;267;9.177;9.118;9.001;9.545;9.657;9;0;122;26;76
2016;5;Antioquia;1.265.147;882;8.808;5.651;8.684;7.359;4.342;30.588;2.618;447;358;342;646;338;884;9.625;9.066;8.291;9.097;713;17;592;1.063;566
2016;8;Atlantico;519.509;897;8.935;5.337;8.578;7.545;5.037;27.781;9.539;213;291;207;228;15;9.442;9.593;9.498;9.284;9.606;344;116;294;489;244
2016;11;Bogota, D.C.;1.453.283;807;8.026;5.639;7.904;726;4.973;27.281;9.765;208;217;157;269;202;9.755;9.783;9.839;9.714;9.598;37;0;4;17;2
2016;13;Bolivar;487.274;895;8.941;5.628;8.801;7.099;4.255;24.543;4.821;297;358;245;371;248;9.168;9.564;9.307;884;9.244;535;77;448;789;507
2016;15;Boyaca;279.627;838;837;6.062;8.148;747;5.036;24.765;2.686;246;201;147;37;233;935;9.778;9.582;9.001;9.376;404;21;271;628;391
2016;17;Caldas;192.703;774;774;5.021;7.248;694;438;25.336;3.558;428;438;314;591;344;8.916;9.511;9.127;8.467;9.185;656;51;559;942;472
2016;18;Caqueta;124.296;754;7.536;4.675;749;5.499;2.468;26.515;119;688;722;592;878;529;9.169;926;9.288;8.926;9.255;143;18;12;196;216
2016;19;Cauca;307.989;839;8.384;4.841;8.512;6.549;3.356;20.246;5.152;284;257;185;425;33;9.142;9.644;9.244;887;9.152;573;98;571;705;519
2016;20;Cesar;259.794;976;9.744;5.868;956;7.501;4.261;27.664;3.968;507;694;477;563;301;8.953;9.079;9.023;8.727;9.248;54;227;501;71;452
2016;23;Cordoba;411.715;903;9.028;5.099;8.749;7.253;4.242;21.791;4.741;303;34;227;402;307;936;9.599;95;9.112;932;337;61;272;486;373
2016;25;Cundinamarca;577.612;912;909;5.631;8.825;8.047;5.092;19.579;3.484;368;402;268;505;306;9.327;9.544;953;8.998;9.438;305;54;201;497;256
2016;27;Choco;145.596;798;7.985;4.912;8.151;4.805;2.234;22.587;3.849;358;394;324;437;277;8.744;9.572;8.718;8.408;9.238;898;34;958;1.156;485
2016;41;Huila;268.744;859;8.584;5.687;8.607;73;4.051;2.534;2.644;523;429;375;776;439;8.582;9.532;897;7.796;8.723;894;4;655;1.428;838
2016;44;La Guajira;264.785;757;7.559;4.847;7.288;4.595;2.057;2.392;223;462;383;506;446;276;935;9.557;9.309;9.286;96;189;6;185;267;124
2016;47;Magdalena;329.234;925;9.233;5.896;8.537;6.874;3.796;2.334;5.403;32;359;316;34;235;9.431;9.598;9.466;9.289;9.566;249;43;218;371;199
2016;50;Meta;219.565;924;9.228;5.626;9.078;7.727;4.397;27.421;5.173;535;658;424;702;406;8.908;9.324;9.188;8.376;9.073;557;18;387;922;521
2016;52;Nariño;394.574;711;7.113;3.856;6.832;5.656;298;21.151;3.291;167;8;1;261;222;9.644;9.916;9.771;9.432;9.586;189;4;13;307;192
2016;54;Norte de Santander;307.238;886;8.851;5.843;9.231;709;38;26.773;3.135;484;54;389;651;37;9.124;9.434;9.344;8.704;9.176;391;26;267;645;455
2016;63;Quindio;108.652;798;7.974;4.606;724;7.516;493;27.934;4.777;618;637;497;799;487;8.741;9.335;9.059;8.213;8.937;641;29;444;989;576
2016;66;Risaralda;182.345;874;8.716;5.474;8.295;7.603;4.493;25.753;5.211;467;537;335;66;351;8.954;9.324;9.256;8.449;9.103;579;138;409;891;546
2016;68;Santander;402.820;952;95;5.967;9.475;83;5.045;24.887;3.265;397;51;317;517;276;8.989;9.439;9.298;8.462;9.108;614;52;385;1.022;615
2016;70;Sucre;198.817;968;9.672;6.446;9.601;7.419;448;23.034;5.554;295;314;234;397;227;8.741;9.542;8.895;821;895;964;144;871;1.393;823
2016;73;Tolima;306.395;847;8.459;4.933;8.247;712;4.423;25.322;4.063;37;402;297;491;28;8.931;9.528;9.164;8.443;911;698;7;538;1.067;61
2016;76;Valle del Cauca;873.706;814;8.123;4.712;7.838;6.991;4.143;24.647;6.306;434;481;356;549;35;8.872;9.455;9.133;8.381;9.079;694;64;511;1.069;571
2016;81;Arauca;75.185;74;7.395;4.572;7.341;566;3.026;20.236;1.329;372;445;299;475;361;9.628;9.555;9.701;9.525;9.637;0;0;0;0;2
2016;85;Casanare;88.003;1.002;10.018;674;9.915;822;4.743;24.825;3.842;421;401;359;562;27;9.023;9.578;9.286;8.468;9.234;556;21;356;97;496
2016;86;Putumayo;91.441;761;7.609;3.427;7.399;6.426;3.265;26.859;1.608;753;757;666;918;591;8.613;922;8.875;8.076;881;634;23;459;1.006;6
2016;88;San Andres;15.167;682;6.815;469;7.028;6.046;3.867;2.596;7.917;226;109;23;266;162;9.773;9.891;977;9.734;9.829;1;0;0;0;1
2016;91;Amazonas;22.243;814;8.135;4.544;8.027;5.977;2.664;21.218;2.661;506;523;275;849;596;8.911;9.445;9.128;8.446;8.825;583;32;597;705;579
2016;94;Guainia;11.935;776;7.764;5.882;7.591;355;901;26.299;1.889;821;963;664;1.116;6;7.485;8.269;772;6.565;8.124;1.694;767;1.616;2.319;1.277
2016;95;Guaviare;31.671;548;5.483;2.599;5.338;4.152;2.119;27.866;1.975;47;532;359;647;445;8.919;9.416;9.148;8.422;8.888;611;51;493;93;667
2016;97;Vaupes;12.654;642;6.417;2.391;6.333;3.809;1.267;1.421;2.566;66;637;497;1.015;511;8.311;9.345;8.291;8.029;8.784;1.029;19;1.212;956;706
2016;99;Vichada;21.951;778;7.778;4.152;8.009;3.458;1.469;17.248;4.158;816;1.014;771;909;622;7.803;8.805;7.521;7.937;8.822;1.381;18;1.708;1.153;557
2017;5;Antioquia;1.270.105;861;86;5.658;833;7.393;4.285;31.728;3.285;415;356;328;569;339;8.868;9.626;908;8.367;9.095;716;19;592;1.064;566
2017;8;Atlantico;518.257;911;9.072;5.852;8.759;7.665;5.084;32.237;925;128;203;123;132;96;9.418;9.684;9.492;9.209;9.582;454;112;385;659;322
2017;11;Bogota, D.C.;1.452.849;799;7.945;5.462;7.853;7.147;493;31.843;9.876;162;221;131;19;155;9.729;9.775;9.804;9.674;9.618;109;4;64;136;227
2017;13;Bolivar;486.067;907;9.058;6.287;8.822;7.296;4.318;25.846;3.917;265;337;224;315;232;9.116;9.567;9.198;8.847;9.214;619;96;578;838;554
2017;15;Boyaca;275.027;835;8.348;6.066;8.141;7.523;501;27.697;2.723;215;355;127;286;222;9.261;9.623;9.556;8.848;9.283;525;22;317;865;495
2017;17;Caldas;191.444;758;7.572;5.176;7.011;6.871;4.306;26.938;3.797;347;367;254;467;3;8.946;9.589;9.185;8.502;9.115;707;44;562;1.031;585
2017;18;Caqueta;124.222;744;7.437;4.649;7.367;5.611;2.484;28.152;83;673;723;581;831;584;9.051;9.237;9.164;8.794;9.152;276;4;255;375;264
2017;19;Cauca;303.777;833;8.332;4.993;8.453;6.701;3.406;20.127;3.201;276;236;174;407;355;9.066;9.643;9.221;8.702;9.074;659;121;605;891;571
2017;20;Cesar;259.051;991;9.892;6.389;9.633;7.705;4.361;30.738;2.642;398;552;367;445;257;9.056;9.343;9.146;8.806;918;546;105;487;749;563
2017;23;Cordoba;413.883;888;8.872;5.375;8.435;7.301;422;21.514;3.799;303;333;215;408;332;9.323;9.615;9.467;9.058;9.283;375;52;319;534;385
2017;25;Cundinamarca;579.364;918;9.156;5.722;8.927;8.165;5.157;20.136;2.904;257;325;184;342;23;9.405;962;9.579;9.135;9.457;337;54;237;522;313
2017;27;Choco;145.765;792;7.919;5.405;8.016;4.897;2.219;23.395;3.632;238;299;196;315;197;8.849;9.674;8.814;8.517;9.268;914;28;991;1.168;535
2017;41;Huila;268.582;853;8.517;6.202;8.405;7.308;4.014;28.256;2.576;414;332;275;64;352;8.657;9.631;9.065;7.834;8.798;93;37;66;1.526;849
2017;44;La Guajira;271.221;755;7.544;5.171;7.296;4.692;2.069;2.573;83;298;411;244;372;259;9.392;9.552;9.419;9.236;956;31;38;338;392;182
2017;47;Magdalena;327.940;936;933;5.703;8.781;7.005;3.923;2.688;4.971;257;346;248;266;188;9.462;9.572;9.431;9.434;9.594;28;82;32;3;218
2017;50;Meta;221.844;909;9.088;5.686;8.887;769;439;31.086;2.583;42;456;352;533;331;9.081;9.534;927;8.675;924;499;11;377;792;429
2017;52;Nariño;393.195;702;7.016;3.749;6.668;5.745;2.986;20.998;281;14;118;97;191;177;9.582;9.844;9.665;9.411;9.619;278;38;239;399;204
2017;54;Norte de Santander;304.148;904;903;6.133;9.297;7.365;3.983;30.323;3.044;36;412;273;481;354;9.186;9.471;9.438;8.761;9.144;454;117;29;758;502
2017;63;Quindio;108.156;778;7.769;4.543;7.086;7.273;4.818;29.872;2.294;492;516;397;628;4;8.868;9.457;9.148;8.403;9.009;64;27;455;969;591
2017;66;Risaralda;181.154;868;8.662;5.557;8.204;7.563;4.542;27.947;4.026;482;584;374;639;359;8.934;9.339;9.219;8.403;9.205;584;77;406;959;436
2017;68;Santander;398.621;965;9.633;6.375;9.504;8.529;5.123;29.433;3.201;267;374;197;337;251;9.127;958;9.396;8.676;9.161;607;46;406;987;588
2017;70;Sucre;197.947;973;972;6.967;9.521;7.617;4.405;23.538;4.438;27;326;217;34;229;8.786;96;8.889;8.342;8.932;943;73;894;1.318;839
2017;73;Tolima;303.140;84;8.391;506;8.139;7.188;4.379;27.924;2.391;293;353;245;365;225;9.006;9.598;9.231;8.536;9.191;701;49;524;1.098;584
2017;76;Valle del Cauca;873.860;804;8.021;4.995;7.638;7.103;4.074;2.888;4.705;371;424;311;448;324;8.959;9.492;9.159;855;9.198;67;84;529;1.003;478
2017;81;Arauca;75.197;75;7.502;4.731;7.396;584;3.087;21.767;3.581;363;39;328;423;321;9.631;961;9.672;9.577;9.607;7;0;0;0;73
2017;85;Casanare;88.626;978;9.772;7.103;9.681;8.176;4.606;26.656;1.569;268;298;219;338;231;9.241;9.694;9.405;8.872;9.371;491;8;375;789;398
2017;86;Putumayo;91.161;752;7.524;3.901;7.189;6.392;3.363;273;1.636;574;574;407;798;57;8.812;9.407;9.111;8.249;8.911;614;2;482;953;519
2017;88;San Andres;15.106;678;6.764;5.118;6.784;5.969;3.776;27.407;7.917;115;75;129;113;9;9.788;9.925;9.809;9.704;986;97;0;62;182;5
2017;91;Amazonas;22.269;836;821;4.895;8.056;6.067;3.005;20.971;165;488;638;306;698;623;8.745;9.271;9.004;82;8.658;767;91;691;1.101;719
2017;94;Guainia;11.965;80;7.998;596;7.883;3.662;882;25.747;1.667;768;935;614;1.036;697;7.679;8.273;7.842;7.035;7.966;1.553;792;1.544;1.929;1.337
2017;95;Guaviare;31.876;55;5.502;2.567;5.329;4.354;2.157;3.037;1.494;434;613;353;533;4;9.439;9.387;9.471;9.391;9.469;127;0;176;76;131
2017;97;Vaupes;12.668;665;6.538;2.337;6.539;3.927;1.403;14.709;1.339;8;877;605;1.169;785;8.089;9.064;7.981;801;8.499;1.112;58;1.414;821;715
2017;99;Vichada;22.282;779;7.793;4.615;7.959;3.387;1.491;21.875;377;865;947;797;1.048;74;763;899;7.275;7.822;8.512;1.505;63;1.929;113;749
2018;5;Antioquia;1.147.598;8.472;9.411;6.798;9.189;8.129;4.383;;;397;343;318;542;284;8.913;9.638;91;8.454;9.176;691;19;581;1.005;541
2018;8;Atlantico;521.630;9.253;9.134;6.154;8.902;7.655;4.927;;;155;224;149;165;109;9.357;9.584;9.411;9.175;9.545;488;192;44;66;346
2018;11;Bogota, D.C.;1.179.282;7.871;9.651;7.065;9.781;8.597;5.601;;;165;19;135;201;153;9.802;981;9.865;9.792;9.632;33;0;1;7;215
2018;13;Bolivar;455.784;9.271;986;6.974;9.725;7.938;4.417;;;275;365;235;319;24;9.031;955;9.126;8.738;9.104;693;86;639;943;656
2018;15;Boyaca;234.116;8.354;9.654;7.066;9.285;8.925;5.796;;;207;188;128;299;207;9.259;9.787;954;8.848;9.275;534;26;332;854;518
2018;17;Caldas;162.391;7.438;8.708;6.568;8.301;7.781;4.519;;;296;299;221;388;267;9.077;963;928;8.692;9.255;627;71;498;92;478
2018;18;Caqueta;98.639;7.314;9.204;5.917;9.089;6.946;3.222;;;55;654;461;691;451;9.262;9.304;938;9.051;9.306;188;42;159;257;243
2018;19;Cauca;301.714;8.372;8.317;5.516;8.455;6.621;3.358;;;258;225;172;377;289;9.033;9.683;914;8.707;91;709;92;688;916;611
2018;20;Cesar;288.411;10.141;9.073;5.881;878;7.127;3.994;;;398;524;373;445;251;9.035;9.389;9.151;8.727;9.194;568;87;476;828;556
2018;23;Cordoba;386.239;8.795;9.472;5.831;9.071;7.821;4.356;;;223;299;162;29;215;9.381;9.643;9.503;9.171;932;396;58;334;539;465
2018;25;Cundinamarca;547.875;9.249;9.791;67;9.858;864;5.034;;;289;359;209;389;233;9.211;9.567;9.456;8.831;9.264;5;74;335;78;503
2018;27;Choco;143.975;7.981;8.095;5.599;8.174;5.112;2.321;;;316;35;262;42;285;8.771;9.644;8.762;8.382;9.167;913;6;975;1.198;548
2018;41;Huila;242.238;8.504;9.428;7.097;924;8.128;4.475;;;421;338;276;65;371;861;9.634;9.022;778;8.717;969;28;702;157;911
2018;44;La Guajira;237.991;7.772;9.055;6.637;9.009;5.654;2.325;;;277;36;245;337;16;9.301;9.589;9.272;9.204;9.496;422;52;483;458;344
2018;47;Magdalena;317.652;9.521;9.769;6.236;917;7.392;4.066;;;326;363;293;37;294;9.358;9.571;9.409;9.211;9.438;315;66;298;419;267
2018;50;Meta;218.707;903;9.251;6.524;9.104;7.831;4.329;;;447;58;353;575;352;8.965;9.404;9.243;8.452;913;588;15;404;972;518
2018;52;Nariño;314.579;6.788;8.454;4.904;8.182;6.966;356;;;134;92;79;212;138;9.542;9.852;9.633;9.344;9.607;324;56;288;444;255
2018;54;Norte de Santander;307.526;9.358;9.162;6.588;9.176;745;4.056;;;395;492;336;47;349;9.055;9.468;9.265;867;9.017;55;4;399;86;634
2018;63;Quindio;83.383;7.615;9.835;6.793;9.526;8.906;5.466;;;417;471;318;539;345;8.917;9.486;923;8.434;9.052;667;43;453;1.027;602
2018;66;Risaralda;157.477;8.617;984;696;9.623;8.442;4.919;;;423;481;341;553;296;8.874;9.423;9.134;8.368;9.125;704;96;525;1.079;579
2018;68;Santander;401.463;9.779;9.606;6.751;9.488;8.383;4.963;;;32;424;241;41;27;8.946;9.531;9.315;8.361;8.996;734;45;444;1.229;735
2018;70;Sucre;201.443;9.808;9.599;7.216;9.533;7.531;4.167;;;278;342;216;362;224;8.736;9.524;8.893;8.225;8.903;986;133;891;1.413;873
2018;73;Tolima;255.496;8.388;9.854;7.209;982;8.351;4.672;;;302;354;237;389;248;9.056;9.611;9.292;8.606;9.204;642;35;471;1.005;548
2018;76;Valle del Cauca;861.316;7.927;8.036;5.398;7.619;7.145;402;;;326;383;274;399;249;8.922;9.567;9.163;8.465;9.117;752;5;563;1.136;634
2018;81;Arauca;60.962;7.702;9.493;6.166;9.381;7.465;3.666;;;263;283;221;332;235;9.729;9.717;9.779;9.668;968;8;0;0;0;86
2018;85;Casanare;92.859;9.681;9.305;7.143;9.101;7.886;4.409;;;269;308;212;347;231;9.077;9.636;9.326;8.572;9.233;654;57;462;1.081;536
2018;86;Putumayo;80.972;75;8.428;4.566;8.071;7.104;3.659;;;521;486;359;737;527;8.688;9.445;9.049;8.059;871;79;68;593;1.204;763
2018;88;Archipiélago de San Andrés, Providencia y Santa Catalina;10.853;6.734;934;6.869;9.296;8.423;509;;;197;161;247;18;71;9.379;9.839;9.493;907;9.551;425;0;26;75;378
2018;91;Amazonas;22.257;8.113;8.146;4.599;7.833;6.151;3.151;;;487;531;309;718;602;9.117;9.463;9.195;8.946;8.998;396;7;495;336;4
2018;94;Guainia;15.766;8.164;6.228;464;6.195;2.893;679;;;714;988;553;982;547;7.764;8.488;7.782;7.284;8.569;1.522;525;1.665;1.734;884
2018;95;Guaviare;21.118;557;8.461;4.244;821;665;3.114;;;336;401;258;463;263;8.778;9.455;9.049;8.178;8.875;886;144;693;1.359;862
2018;97;Vaupes;15.363;6.164;5.079;2.282;5.112;3.054;1.135;;;388;493;313;493;465;8.538;9.343;8.537;8.384;8.544;1.074;164;115;1.122;991
2018;99;Vichada;32.951;7.813;5.374;3.074;5.668;2.406;936;;;714;739;652;899;597;7.525;9.261;7.072;7.871;8.806;176;0;2.276;123;597
2019;5;Antioquia;1.149.985;94;9.383;6.786;9.024;826;4.504;;;402;373;329;533;295;8.838;9.609;9.073;8.311;9.137;759;18;598;1.156;568
2019;8;Atlantico;533.666;9.207;9.169;6.269;8.936;7.694;4.895;;;126;172;128;126;9;9.291;9.701;9.388;9.011;9.478;583;126;483;863;432
2019;11;Bogota, D.C.;1.181.531;9.682;963;6.911;9.622;8.752;5.549;;;16;212;138;182;141;975;9.785;9.808;972;9.625;9;3;53;98;234
2019;13;Bolivar;461.988;9.944;9.933;6.767;9.781;8.064;4.543;;;299;401;263;342;238;905;9.517;9.167;8.733;9.158;651;82;57;925;604
2019;15;Boyaca;234.368;966;9.651;6.907;9.204;9.011;5.933;;;205;203;129;28;226;9.202;9.775;9.523;8.746;9.226;593;23;347;975;548
2019;17;Caldas;161.892;8.598;8.588;6.461;8.079;7.745;4.642;;;331;282;267;432;27;8.901;9.664;9.188;8.372;9.123;768;53;546;1.195;607
2019;18;Caqueta;98.675;9.052;9.049;578;892;6.856;3.358;;;532;644;468;626;445;9.263;9.315;934;9.122;9.303;205;41;191;251;253
2019;19;Cauca;299.016;8.442;8.439;5.449;8.523;6.878;3.642;;;278;258;186;383;362;9.065;9.678;92;8.722;911;656;65;614;894;528
2019;20;Cesar;296.234;9.077;9.057;56;8.823;714;4.008;;;411;558;387;454;263;8.908;935;9.054;854;9.076;681;92;559;1.006;661
2019;23;Cordoba;387.454;9.423;9.416;549;8.917;7.923;4.526;;;264;395;202;321;247;936;952;9.459;9.205;9.332;376;85;34;475;42
2019;25;Cundinamarca;570.377;9.614;9.586;6.593;9.463;8.596;497;;;302;372;222;4;251;9.168;956;9.429;8.744;9.289;53;67;349;857;459
2019;27;Choco;143.999;8.264;8.264;5.313;8.413;5.338;2.392;;;28;322;231;373;234;8.846;967;8.847;8.491;9.246;874;8;921;1.136;521
2019;41;Huila;242.194;942;9.412;6.848;9.218;8.135;4.583;;;448;39;287;696;375;8.586;9.575;9.039;7.704;8.742;967;35;673;16;883
2019;44;La Guajira;245.778;9.292;9.286;7.201;9.302;5.799;2.508;;;251;331;232;273;194;9.327;9.582;9.329;9.195;9.489;421;87;438;532;317
2019;47;Magdalena;323.546;9.749;9.727;6.186;9.183;7.384;4.103;;;35;425;299;403;333;9.368;9.512;9.442;9.207;9.445;283;63;259;391;223
2019;50;Meta;218.194;9.359;9.351;6.464;9.163;7.983;4.499;;;397;528;326;49;31;9.099;9.462;9.315;8.699;9.239;504;1;359;811;451
2019;52;Nariño;309.763;84;8.395;5.302;7.987;6.944;38;;;145;116;96;21;153;9.585;9.856;9.699;9.389;9.587;27;29;205;401;26
2019;54;Norte de Santander;318.252;9.225;9.218;6.442;9.115;7.609;4.187;;;325;426;297;361;258;9.056;949;9.243;8.683;9.096;619;85;46;956;646
2019;63;Quindio;83.130;9.677;9.673;6.976;934;8.785;5.361;;;394;344;309;505;364;8.813;9.629;9.147;8.249;8.953;793;27;544;1.246;683
2019;66;Risaralda;156.174;9.914;9.888;6.978;9.557;8.625;5.047;;;499;583;378;668;373;886;9.336;9.166;8.312;9.146;641;81;455;102;481
2019;68;Santander;405.798;9.638;962;6.764;9.458;847;4.996;;;301;385;241;379;227;8.953;9.569;9.303;8.379;9.047;747;46;456;1.242;726
2019;70;Sucre;203.411;9.593;9.588;6.835;9.494;7.635;419;;;3;367;238;386;233;8.791;9.535;8.948;8.293;9.001;909;99;814;1.321;766
2019;73;Tolima;251.347;992;991;7.223;9.758;8.503;4.877;;;37;435;294;48;277;8.984;9.537;9.251;8.494;9.165;645;27;455;1.025;559
2019;76;Valle del Cauca;854.243;8.168;8.146;5.595;7.671;7.269;4.195;;;392;475;336;47;298;8.884;9.454;9.113;845;9.121;725;71;551;108;581
2019;81;Arauca;64.095;9.309;9.306;5.817;9.177;7.322;3.731;;;402;498;366;473;246;9.531;949;9.573;9.442;9.665;67;12;61;85;89
2019;85;Casanare;93.431;9.346;9.343;6.921;9.144;809;4.498;;;301;396;267;354;207;9.013;9.578;9.248;8.494;9.296;686;26;485;1.152;497
2019;86;Putumayo;80.890;8.483;8.483;4.843;8.113;7.212;3.716;;;539;581;371;732;572;857;9.361;8.975;79;8.549;891;58;654;1.368;879
2019;88;Archipiélago de San Andrés, Providencia y Santa Catalina;11.002;9.192;9.187;7.312;9.097;8.213;4.997;;;208;131;208;244;149;8.864;9.788;9.151;8.235;9.032;928;82;641;1.521;819
2019;91;Amazonas;22.435;814;814;5.319;789;6.064;2.973;;;417;64;276;517;603;8.823;9.321;911;8.353;8.385;76;39;614;113;1.013
2019;94;Guainia;15.808;6.626;6.626;4.864;6.719;3.146;869;;;57;634;458;747;695;7.865;9.067;7.938;7.128;8.456;1.565;3;1.603;2.125;849
2019;95;Guaviare;21.301;8.311;8.309;4.211;7.969;6.844;3.038;;;447;667;4;495;337;8.803;9.264;9.054;8.299;8.929;75;69;546;1.206;735
2019;97;Vaupes;15.675;5.233;5.233;2.263;5.502;2.999;1.308;;;304;482;18;508;329;9.008;9.495;9.185;864;882;688;23;635;852;85
2019;99;Vichada;33.198;5.551;5.551;3.598;5.919;25;873;;;763;7;745;896;478;7.492;9.097;713;7.656;8.631;1.744;204;2.126;1.448;892
2020;5;Antioquia;1.151.149;9.359;9.343;7.025;8.826;8.338;4.745;;;23;223;198;272;221;8.997;9.697;9.219;8.581;9.067;773;79;583;1.146;712
2020;8;Atlantico;542.750;9.275;9.238;6.416;8.939;7.867;4.983;;;141;14;146;149;1;9.404;9.548;9.441;9.264;9.583;455;312;414;588;317
2020;11;Bogota, D.C.;1.181.597;9.641;9.589;6.915;9.379;8.906;573;;;46;52;5;38;55;944;9.906;9.629;9.211;9.212;514;42;321;751;733
2020;13;Bolivar;466.941;9.891;988;6.616;9.652;818;4.779;;;203;177;175;252;193;9.406;9.583;951;921;9.433;391;24;315;538;374
2020;15;Boyaca;234.540;9.491;9.484;6.886;9.033;8.976;5.872;;;17;151;104;215;239;9.055;9.768;9.524;8.517;8.839;775;81;371;1.268;922
2020;17;Caldas;161.746;8.465;8.457;6.332;7.877;7.679;4.902;;;235;152;172;311;249;9.289;9.815;9.524;8.954;9.262;476;33;304;735;489
2020;18;Caqueta;98.602;8.894;8.891;5.746;8.803;6.909;3.355;;;628;527;567;756;576;8.374;9.356;8.557;7.878;8.369;998;117;876;1.366;1.054
2020;19;Cauca;296.813;85;8.497;5.492;8.548;7.004;3.872;;;159;146;106;208;24;9.193;9.784;9.388;8.838;9.058;648;7;506;954;702
2020;20;Cesar;302.403;8.988;8.973;5.665;8.696;719;4.041;;;858;636;597;636;2.989;824;8.711;8.738;8.028;6.263;902;653;666;1.335;748
2020;23;Cordoba;388.446;9.327;9.321;5.406;8.747;8.012;463;;;254;384;187;295;293;9.227;9.185;9.415;9.006;9.207;52;431;398;699;5
2020;25;Cundinamarca;592.264;9.368;9.342;6.447;9.032;8.608;5.035;;;278;336;234;293;356;9.058;9.503;9.377;8.657;8.918;663;161;389;1.051;726
2020;27;Choco;143.711;8.398;8.397;5.317;8.584;5.587;2.601;;;204;164;157;282;254;9.172;9.735;9.252;8.873;9.207;624;102;591;845;539
2020;41;Huila;242.199;9.346;9.338;6.522;9.214;8.178;4.627;;;249;18;196;332;254;8.963;9.793;9.352;8.313;8.815;788;27;452;1.355;931
2020;44;La Guajira;252.101;9.428;942;7.787;9.412;5.887;2.706;;;208;235;222;176;192;8.911;9.401;889;8.718;915;881;364;889;1.106;658
2020;47;Magdalena;327.562;9.603;9.583;6.118;904;7.425;4.261;;;387;568;426;297;364;9.081;9.143;9.228;8.847;9.153;532;29;345;856;483
2020;50;Meta;217.673;9.391;9.383;6.564;9.098;8.117;4.712;;;247;314;225;268;225;8.706;9.488;8.978;8.183;8.779;1.047;198;797;1.549;995
2020;52;Nariño;305.761;8.415;841;5.501;7.906;6.972;4.101;;;175;102;173;203;143;8.934;953;8.994;8.658;9.176;891;368;833;114;681
2020;54;Norte de Santander;325.981;9.024;9.016;669;89;7.687;412;;;394;403;365;458;308;8.882;933;8.974;8.595;9.082;724;267;661;948;611
2020;63;Quindio;83.129;9.597;9.593;7.149;9.139;8.794;564;;;307;276;257;36;327;901;9.678;9.322;8.581;892;683;46;421;1.059;753
2020;66;Risaralda;155.149;989;9.864;6.993;9.452;8.735;5.226;;;289;262;256;346;25;8.868;946;9.157;8.432;8.842;843;278;587;1.222;908
2020;68;Santander;408.876;9.597;9.583;6.801;9.345;8.552;5.123;;;185;196;158;214;191;9.104;952;9.397;8.671;9.126;71;284;445;1.115;684
2020;70;Sucre;204.837;9.522;9.517;6.644;9.284;7.721;4.308;;;2;335;136;253;176;9.243;9.354;947;8.914;9.248;557;31;393;834;576
2020;73;Tolima;247.605;9.937;9.927;7.066;9.701;8.593;5.147;;;329;287;289;393;306;9.022;9.619;9.273;8.591;9.079;648;94;438;1.016;615
2020;76;Valle del Cauca;846.957;8.218;8.196;5.787;7.711;7.315;4.444;;;273;359;259;286;238;9.041;9.453;9.243;8.722;9.111;686;188;498;992;65
2020;81;Arauca;66.580;9.284;9.281;59;907;7.491;3.732;;;393;221;354;482;448;8.552;9.377;8.763;7.979;8.681;1.055;402;883;1.539;871
2020;85;Casanare;93.855;9.438;9.435;7.129;9.278;8.272;4.714;;;211;214;196;232;199;9.095;9.702;9.357;8.639;9.063;694;84;447;1.129;738
2021;5;Antioquia;1.149.861;9.262.493.467;9.245.613.165;692.240.208;8.705.230.057;8.279.832.429;4.985.261.349;;;481.083.097;358.534.921;426.813.704;589.902.539;412.780.995;875.243.891;961.128.384;8.925.887.236;8.345.543.548;8.893.769.837;766.477.992;30.181.239;64.729.906;1.064.553.913;693.449.167
2021;8;Atlantico;546.055;9.393.339.499;9.362.335.296;6.167.667.276;8.975.732.357;8.106.779.221;5.148.381.737;;;166.519.968;215.107.711;174.857.499;168.100.822;102.851.715;9.055.662.687;9.471.324.198;9.134.067.303;8.797.974.414;9.265.605.875;777.817.345;313.568.091;691.075.198;1.033.924.764;63.154.241
2021;11;Bogota, D.C.;1.174.274;9.427.867.772;9.379.999.898;639.941.691;8.992.168.986;8.919.412.465;5.883.716.145;;;12.882.104;106.671.876;10.804.838;135.063.278;187.803.499;881.532.161;9.807.170.069;9.146.066.217;8.280.519.423;871.492.092;1.055.857.351;86.158.054;745.885.403;1.584.417.299;1.097.275.582
2021;13;Bolivar;469.046;9.938.641.413;9.930.198.744;6.181.518.399;96.677.072;8.348.070.402;5.046.581.847;;;369.223.884;412.864.246;333.252.728;427.391.478;31.332.875;8.864.729.795;946.944.427;8.986.589.286;8.562.847.112;8.888.714.272;766.046.321;117.691.485;680.157.987;100.976.141;797.956.979
2021;15;Boyaca;234.348;9.554.764.709;9.548.961.374;6.977.917.981;8.956.509.139;9.110.321.185;5.926.271.464;;;297.498.276;274.914.089;212.610.617;362.692.283;368.809.273;8.804.821.194;9.629.304.672;9.234.148.613;8.243.266.048;873.024.236;897.680.531;95.781.239;55.324.077;1.394.041.669;900.948.367
2021;17;Caldas;161.737;8.434.000.878;8.424.912.049;6.304.760.459;787.781.204;7.680.187.236;5.083.596.769;;;310.413.521;249.769.797;248.155.984;391.874.073;301.886.792;9.019.812.304;96.696.593;920.502.411;8.683.863.524;9.069.891.044;669.774.174;80.570.902;546.819.906;924.262.403;628.222.163
2021;18;Caqueta;98.412;8.672.519.611;8.671.401.862;5.538.594.115;8.621.371.066;6.801.322.294;3.282.494.181;;;849.714.873;562.685.094;756.131.929;1.065.741.544;778.548.896;8.282.034.026;9.353.405.726;8.444.746.961;7.788.031.223;8.397.476.341;868.251.101;83.909.181;79.912.111;1.146.227.233;823.974.763
2021;19;Cauca;294.933;8.633.350.625;8.631.689.231;55.476.606;8.621.485.852;7.162.569.245;4.053.022.892;;;302.823.395;21.140.764;20.186.678;423.769.535;403.688.995;8.832.774.148;9.667.189.953;9.029.104.794;8.431.801.021;8.700.318.356;864.402.456;121.402.407;769.028.426;1.144.429.444;895.992.648
2021;20;Cesar;305.550;892.079.856;8.906.627.393;5.313.812.323;856.619.069;7.252.791.939;4.047.348.331;;;24.261.637;226.837.226;218.469.363;284.693.843;222.938.491;8.908.744.066;961.934.849;9.080.249.052;8.501.551.106;8.968.190.016;848.639.564;153.814.284;701.281.586;1.213.755.051;808.871.494
2021;23;Cordoba;388.712;930.380.333;9.296.008.356;5.008.939.123;8.649.707.298;805.561.165;4.959.890.954;;;295.484.654;377.232.581;231.688.004;35.285.679;308.396.078;8.941.409.598;9.343.670.265;90.577.895;8.704.417.844;898.594.817;763.105.748;279.097.154;710.522.497;942.725.366;705.655.752
2021;25;Cundinamarca;610.367;9.083.534.988;9.061.007.558;6.069.061.532;8.598.578.492;8.482.028.494;5.041.693.517;;;406.205.067;443.920.708;369.730.766;450.739.974;374.370.187;8.934.494.688;9.452.766.837;9.202.435.532;8.539.056.975;8.905.599.392;659.300.245;103.312.456;427.833.702;1.010.203.051;720.030.421
2021;27;Choco;143.120;8.721.841.811;872.177.194;5.185.494.652;8.990.824.169;6.079.828.938;2.911.502.124;;;402.388.907;367.882.608;31.388.794;534.223.318;473.726.758;8.605.312.953;961.661.672;8.751.423.528;8.116.612.787;8.683.104.285;99.229.814;15.500.672;934.688.532;1.349.163.895;843.168.957
2021;41;Huila;242.129;9.380.495.521;9.372.854.966;6.434.329.295;9.329.371.733;8.221.404.247;4.819.392.836;;;618.208.392;367.158.321;492.229.852;836.886.706;616.558.279;8.398.248.062;9.611.318.605;8.737.157.313;768.796.891;8.425.462.731;983.543.547;21.523.074;770.612.835;1.475.144.384;95.797.899
2021;44;La Guajira;255.513;9.946.421.513;9.940.707.518;7.916.777.335;1.000.729.093;6.096.863.691;2.794.276.319;;;206.109.837;189.786.892;206.090.828;22.266.795;161.573.009;8.911.928.174;9.615.601.126;8.863.615.316;872.538.523;9.078.759.996;881.961.988;194.611.982;930.293.856;105.194.682;759.666.995
2021;47;Magdalena;328.343;9.714.810.427;9.699.064.698;6.003.673.769;9.141.447.273;7.576.967.244;4.338.529.656;;;206.787.265;160.276.312;177.891.086;238.065.986;262.899.971;944.605.663;9.722.135.983;9.572.221.075;9.261.418.945;9.293.456.327;347.156.105;117.587.706;249.887.839;500.515.069;443.643.701
2021;50;Meta;216.914;943.650.479;9.429.958.417;6.507.410.734;9.062.454.717;8.173.188.047;4.796.349.271;;;440.294.284;360.257.869;436.343.748;475.779.448;392.930.109;8.599.940.712;9.586.651.498;8.837.447.092;8.096.584.567;8.639.711.123;959.765.004;53.090.633;72.620.916;1.427.635.985;967.358.768
2021;52;Nariño;302.506;8.350.016.198;8.346.842.707;5.517.821.386;7.819.572.456;694.979.701;4.294.552.559;;;222.631.218;145.862.215;1.403.562;313.780.343;287.347.939;918.293.673;9.760.110.904;9.314.190.877;8.899.841.403;9.224.306.427;594.432.052;94.026.882;545.452.923;786.378.255;488.345.634
2021;54;Norte de Santander;328.034;9.206.484.694;9.201.241.335;6.557.995.516;8.955.065.644;7.924.177.542;4.463.440.781;;;410.268.935;364.093.193;382.917.955;467.915.795;37.520.927;8.756.733.989;9.495.660.119;8.952.577.727;8.325.247.153;8.774.907.265;832.997.076;140.246.688;664.504.318;1.206.837.052;849.883.465
2021;63;Quindio;83.299;9.471.542.275;9.466.500.198;7.035.190.616;9.025.875.642;8.675.646.552;5.702.363.466;;;619.626.526;589.481.795;579.034.391;699.781.781;545.574.886;8.709.955.643;9.387.401.271;8.931.216.931;8.301.586.715;878.876.702;67.041.783;23.116.933;489.748.677;998.631.505;665.658.094
2021;66;Risaralda;154.342;9.933.329.878;9.908.968.395;6.806.609.741;9.466.507.937;8.871.395.651;5.417.852.523;;;464.925.836;426.741.062;399.940.059;566.172.221;412.585.179;8.778.047.582;9.479.231.246;8.983.166.553;8.362.165.286;891.024.276;757.026.582;94.027.692;616.893.388;1.071.662.493;677.172.061
2021;68;Santander;409.198;9.604.787.902;9.590.613.835;6.785.533.862;930.484.641;8.690.392.707;533.075.546;;;400.323.955;388.953.558;375.594.166;459.684.512;318.004.027;8.748.709.882;9.533.978.244;909.470.092;8.172.274.733;8.797.185.641;850.966.163;77.068.197;529.704.914;1.368.040.755;884.810.332
2021;70;Sucre;205.082;9.549.887.362;9.546.669.137;6.393.781.771;922.470.681;7.867.257.153;4.528.066.769;;;251.375.191;23.625.731;217.208.912;303.025.832;238.033.857;8.981.817.057;9.656.725.146;9.121.375.967;8.627.236.918;9.004.038.842;766.807.752;107.017.544;661.415.121;106.973.725;757.927.301
2021;73;Tolima;244.021;1.012.183.378;1.011.408.854;7.254.995.243;9.801.279.378;8.842.365.122;5.361.659.897;;;50.340.215;422.543.963;442.124.942;621.695.842;414.348.412;8.742.722.435;9.546.386.628;8.966.401.828;8.297.988.169;8.821.923.489;753.875.415;31.069.409;59.147.323;1.080.315.989;763.728.099
2021;76;Valle del Cauca;839.566;8.185.717.383;8.167.910.563;5.521.045.584;7.654.434.048;7.248.025.837;478.858.558;;;452.797.957;456.305.775;444.919.238;493.276.391;367.681.377;8.716.084.129;9.439.299.545;8.867.276.301;8.358.579.442;887.180.418;831.117.914;104.394.679;687.804.461;1.148.144.167;760.514.443
2021;81;Arauca;67.759;9.394.324.001;9.392.848.183;6.338.451.268;9.146.858.493;7.478.915.389;3.753.314.437;;;330.537.044;299.206.921;332.231.145;350.953.415;277.922.529;9.354.292.434;9.626.892.574;9.415.525.114;9.177.407.676;9.390.307.452;315.170.521;73.900.505;252.243.741;471.638.909;331.770.019
2021;85;Casanare;93.896;9.466.643.946;9.463.448.922;6.784.245.295;9.330.076.584;8.270.589.374;4.939.310.256;;;461.174.937;334.243.934;392.564.636;565.056.735;489.269.541;8.647.204.665;9.588.622.851;8.997.920.357;8.066.773.487;8.473.124.631;891.620.398;77.133.215;609.515.007;1.368.169.779;1.037.605.828
2021;86;Putumayo;80.699;8.459.088.712;8.458.097.374;5.119.891.419;8.182.145.861;7.259.604.708;3.965.692.688;;;1.028.245.892;726.401.916;859.853.787;1.317.901.956;968.161.913;822.961.539;9.231.690.281;8.614.714.575;7.513.054.322;8.346.549.888;742.138.718;41.907.803;525.431.638;1.169.043.722;6.852.882
2021;88;Archipiélago de San Andrés, Providencia y Santa Catalina;11.312;9.087.694.484;9.084.158.416;7.045.685.279;880.008.391;8.312.179.314;5.105.008.078;;;70.708.242;4.950.495;3.435.518;93.662.192;145.067.698;9.102.816.738;9.933.993.399;9.262.684.989;8.841.710.896;8.839.458.414;82.647.502;1.650.165;702.959.831;1.064.626.912;1.015.473.888
2021;91;Amazonas;22.670;8.202.911.337;8.201.588.002;5.512.552.301;8.133.291.874;5.941.317.047;279.765.232;;;504.253.357;692.883.895;33.126.294;650.924.344;738.292.011;8.604.079.123;9.263.420.724;883.747.412;8.221.221.066;8.137.741.047;891.667.521;43.695.381;83.126.294;1.127.854.591;1.123.966.942
2021;94;Guainia;15.643;7.804.768.906;7.804.768.906;5.577.358.491;774.490.566;3.681.976.071;1.083.233.771;;;867.224.445;852.965.069;706.550.449;1.089.856.532;1.228.070.175;7.200.436.522;7.936.636.881;7.432.646.593;6.513.969.293;7.265.221.878;1.932.339.032;121.039.805;1.860.802.958;2.396.174.176;1.506.707.946
2021;95;Guaviare;21.658;849.062.702;8.487.394.958;4.455.764.075;7.802.930.884;6.893.503.578;3.571.834.185;;;728.578.477;706.062.932;533.748.471;993.778.912;799.522.673;8.283.537.087;9.247.889.486;8.686.756.366;7.513.159.994;8.251.789.976;987.884.436;46.047.583;779.495.163;1.493.061.094;948.687.351
2021;97;Vaupes;16.081;5.472.918.351;5.472.918.351;3.092.307.692;5.564.816.193;3.296.521.259;1.281.856.219;;;418.426.876;505.709.625;303.088.067;515.625;690.826.727;901.428.284;9.477.977.162;9.258.482.653;8.703.125;8.369.195.923;567.290.284;16.313.214;438.429.279;78.125;93.997.735
2021;99;Vichada;33.183;6.544.013.501;6.543.410.783;4.544.149.318;7.293.522.411;2.849.379.585;110.464.024;;;50.210.093;449.690.837;400.161.139;765.195.369;617.647.059;7.755.613.089;9.544.688.027;749.227.877;7.736.975.398;8.375;1.742.285.981;5.621.135;2.107.560.091;1.497.829.233;1.007.352.941
2020;86;Putumayo;80.810;8.442;8.441;5.072;8.058;7.307;395;;;742;449;584;956;881;868;9.527;9.059;8.088;8.505;578;25;357;957;614
2020;88;Archipiélago de San Andrés, Providencia y Santa Catalina;11.169;9.277;9.267;7.745;9.069;8.301;5.087;;;141;126;13;156;146;9.177;9.701;9.269;9.018;8.967;682;173;601;825;887
2020;91;Amazonas;22.563;8.126;8.124;5.016;7.955;6.021;3.042;;;237;646;75;36;283;8.872;9.348;9.452;813;7.926;891;6;473;151;1.791
2020;94;Guainia;15.771;7.052;7.051;5.592;6.996;3.354;1.073;;;353;518;349;313;304;8.146;9.067;8.451;7.231;795;1.501;416;1.201;2.457;1.745
2020;95;Guaviare;21.482;8.307;8.306;433;7.641;678;3.428;;;441;309;327;581;632;8.667;9.566;9.156;7.861;8.332;892;125;517;1.558;1.036
2020;97;Vaupes;15.910;5.347;5.347;3.055;5.496;3.122;1.332;;;254;288;211;28;409;8.118;9.045;7.957;8.234;8.114;1.628;667;1.832;1.486;1.476
2020;99;Vichada;33.298;6.015;6.014;4.353;647;2.674;99;;;307;288;309;33;217;8.408;9.707;8.207;8.322;9.172;1.285;6;1.484;1.348;61
2019;0;NACIONAL;9.488.850;9.255;9.235;637;9.003;7.856;4.529;;;313;367;257;392;253;911;9.577;9.284;874;9.244;578;56;459;868;503
2020;0;NACIONAL;9.540.230;9.216;9.197;6.436;8.882;794;4.691;;;252;263;219;273;304;9.071;9.526;9.271;8.737;9.031;675;209;508;989;664
2021;0;NACIONAL;9.548.263;9.207;919;6.238;8.817;7.999.000.000.000.000;48.730.000.000.000.000;;;358;317;315;42.800.000.000.000.000;338;8.835;9.570.000.000.000.000;9.026.000.000.000.000;8.433.000.000.000.000;8.879;806;113;659;1.139;783
